brand,year,mileage,engine_size,fuel_type,price
BMW,2022,151408,1.8,Petrol,17729
BMW,2007,181911,2.3,Hybrid,10704
Ford,2017,141278,4.0,Petrol,14436
BMW,2003,105541,1.6,Diesel,10122
Toyota,2004,50964,2.7,Diesel,11451
Toyota,2012,175424,3.6,Petrol,10328
Honda,2006,155693,2.4,Diesel,6715
Ford,2005,13948,3.7,Electric,17002
Honda,2017,133096,4.1,Petrol,15245
BMW,2023,44300,4.5,Diesel,26085
Hyundai,2012,73922,1.9,Electric,15203
Ford,2000,20504,1.3,Electric,11774
BMW,2006,162002,2.6,Electric,12499
Honda,2020,64892,1.1,Hybrid,18655
BMW,2019,25663,2.9,Hybrid,25116
Hyundai,2003,175430,1.7,Hybrid,4428
Honda,2017,164910,4.0,Electric,16054
Ford,2003,30464,4.8,Hybrid,15276
Ford,2009,190208,3.0,Diesel,6789
Toyota,2004,97311,2.2,Hybrid,10334
Honda,2018,51061,2.0,Petrol,17746
Ford,2012,81541,2.5,Electric,15922
Hyundai,2020,189761,1.5,Hybrid,12011
Ford,2004,120239,1.7,Petrol,6688
Toyota,2003,30626,2.3,Diesel,11568
Hyundai,2005,82601,2.1,Diesel,8769
Hyundai,2021,136884,4.8,Hybrid,18455
Honda,2005,54524,1.8,Petrol,10873
Honda,2021,142747,1.1,Hybrid,15262
Honda,2004,139073,2.6,Hybrid,8446
Ford,2005,123841,3.4,Diesel,8507
Hyundai,2008,7292,1.6,Electric,16235
Hyundai,2021,81768,1.7,Hybrid,18111
Honda,2013,168602,4.8,Electric,14669
Ford,2008,154901,1.2,Diesel,6254
Honda,2008,182838,2.8,Petrol,6958
Hyundai,2003,108796,1.2,Petrol,5760
Ford,2004,20557,4.6,Diesel,14372
BMW,2000,176382,4.0,Electric,10180
Ford,2023,157592,4.6,Diesel,17020
Ford,2019,136207,3.6,Diesel,15089
Ford,2007,177126,2.6,Electric,8743
BMW,2018,123853,1.5,Petrol,16807
Ford,2018,86041,3.4,Diesel,16897
Ford,2016,78226,3.3,Diesel,16188
Hyundai,2002,191143,2.1,Petrol,2042
Honda,2010,46410,1.5,Petrol,13479
Ford,2001,124826,2.4,Electric,8158
Ford,2007,15160,4.5,Petrol,16242
BMW,2002,148162,3.8,Petrol,9891
Honda,2014,86313,4.7,Hybrid,18184
Ford,2017,196241,4.9,Petrol,12587
Ford,2018,94790,1.7,Electric,17460
Ford,2008,73980,1.4,Hybrid,12201
Ford,2011,10349,4.8,Hybrid,20282
BMW,2017,37708,1.1,Diesel,20014
Hyundai,2005,122969,1.6,Hybrid,7951
Hyundai,2023,139858,4.7,Hybrid,19207
BMW,2003,96188,1.7,Petrol,10890
Hyundai,2008,109219,4.7,Electric,14239
Honda,2001,139980,3.3,Petrol,6101
Toyota,2015,197507,4.3,Hybrid,12924
Hyundai,2022,32517,2.5,Hybrid,21874
Toyota,2006,64535,4.5,Diesel,13573
Toyota,2006,41315,4.1,Hybrid,16034
BMW,2007,96507,2.3,Petrol,13474
Honda,2001,44143,1.8,Diesel,9192
Toyota,2006,10079,2.8,Electric,17296
Ford,2018,110620,2.2,Hybrid,16169
Honda,2014,169023,4.1,Petrol,11948
Hyundai,2015,13006,3.1,Electric,20949
Honda,2007,121879,4.2,Electric,13406
BMW,2003,145943,1.8,Hybrid,10002
Ford,2005,168471,3.3,Diesel,6176
BMW,2009,112269,1.2,Hybrid,14086
BMW,2012,13320,2.4,Hybrid,21734
Hyundai,2011,102740,3.7,Petrol,12563
BMW,2011,155797,1.6,Diesel,11610
Toyota,2003,11925,2.2,Petrol,12603
BMW,2007,124683,4.6,Electric,16865
BMW,2020,97022,3.5,Electric,23648
Toyota,2007,98907,2.8,Diesel,10654
Toyota,2000,8401,3.0,Hybrid,13579
Hyundai,2018,28108,1.8,Hybrid,19394
Honda,2008,176399,4.3,Hybrid,10280
Honda,2013,171587,3.0,Electric,12720
BMW,2009,86839,4.8,Hybrid,18958
BMW,2010,168396,3.0,Electric,14580
Ford,2002,154722,3.4,Electric,8163
Ford,2015,167616,4.3,Hybrid,13919
Ford,2002,57499,1.5,Petrol,8625
Ford,2018,65981,4.6,Petrol,19300
Honda,2002,76714,2.4,Electric,11364
Honda,2014,28015,3.8,Hybrid,20199
Honda,2006,120428,2.5,Hybrid,10278
Toyota,2023,15668,4.9,Petrol,25116
Toyota,2010,160781,4.6,Hybrid,12560
Toyota,2004,175866,1.5,Petrol,4206
Toyota,2008,74350,2.0,Petrol,11782
Honda,2004,125084,3.9,Petrol,8945
Toyota,2009,10097,3.2,Petrol,16695
Honda,2019,70217,3.9,Petrol,19189
Honda,2000,123918,4.5,Hybrid,9104
BMW,2009,173733,4.6,Hybrid,14413
Honda,2006,151748,3.6,Petrol,8312
Toyota,2018,32724,3.3,Electric,22663
Honda,2017,85807,2.5,Diesel,15809
Ford,2012,138320,2.3,Electric,12884
Hyundai,2002,189315,4.3,Electric,6834
Honda,2009,53048,1.3,Electric,14947
Ford,2017,9106,4.0,Diesel,20844
BMW,2022,35069,2.8,Hybrid,26046
Toyota,2020,195568,3.5,Hybrid,14721
Ford,2016,69840,1.4,Diesel,14708
Hyundai,2012,190383,3.7,Petrol,8680
Ford,2002,88555,1.7,Diesel,7072
Honda,2002,85640,2.4,Petrol,8418
Toyota,2021,55730,4.0,Diesel,21013
Ford,2019,109587,4.2,Diesel,17020
Honda,2010,178448,2.9,Electric,10777
Toyota,2010,89498,4.9,Electric,17425
Ford,2013,52246,1.6,Diesel,14287
BMW,2006,34696,3.4,Electric,19665
Toyota,2006,16852,1.9,Hybrid,15057
Hyundai,2021,51075,1.4,Hybrid,19346
Toyota,2010,104916,2.2,Electric,13954
Honda,2002,28935,1.9,Hybrid,12253
Honda,2004,67582,1.9,Diesel,9620
BMW,2006,104084,2.5,Petrol,12795
Toyota,2023,123300,4.1,Hybrid,20435
Toyota,2007,192155,3.2,Hybrid,8092
Ford,2010,34550,4.1,Hybrid,17872
Ford,2016,61870,4.8,Diesel,18506
Honda,2010,152488,4.0,Petrol,10675
Toyota,2000,77367,4.3,Petrol,9931
Hyundai,2009,40201,4.5,Electric,17989
Ford,2021,44486,4.4,Diesel,21475
Hyundai,2004,59642,1.2,Diesel,8517
Ford,2018,82738,4.0,Electric,20363
Toyota,2006,15522,1.5,Hybrid,14723
Ford,2001,123607,1.2,Electric,7019
Hyundai,2019,149160,3.3,Hybrid,15342
Hyundai,2010,159619,2.9,Petrol,8419
BMW,2010,156260,2.1,Petrol,11787
BMW,2017,19671,1.9,Diesel,21716
BMW,2018,88810,2.9,Diesel,19759
Toyota,2015,81343,4.4,Hybrid,18832
Honda,2015,8662,3.7,Diesel,19866
BMW,2014,146666,2.7,Electric,17366
Honda,2017,57225,2.5,Diesel,17238
Ford,2020,13797,3.6,Electric,24410
BMW,2017,122715,3.4,Diesel,18064
Honda,2021,53417,1.9,Diesel,18829
Honda,2017,81488,4.4,Electric,20625
Honda,2003,95225,2.3,Electric,10838
Toyota,2021,103550,4.0,Hybrid,20322
Honda,2006,152599,5.0,Electric,12170
Toyota,2021,123769,3.0,Diesel,16611
BMW,2018,170862,4.2,Hybrid,18656
Honda,2000,128244,4.0,Electric,9387
Hyundai,2020,74119,3.1,Hybrid,19394
Hyundai,2001,76551,1.1,Hybrid,7772
BMW,2007,28924,1.8,Hybrid,17853
Hyundai,2007,146781,1.8,Diesel,6260
BMW,2018,137397,4.0,Electric,21130
Hyundai,2019,41424,2.4,Diesel,18128
Toyota,2013,11720,3.8,Petrol,19214
Ford,2017,111417,4.9,Diesel,16629
Hyundai,2017,103616,4.0,Hybrid,17319
Ford,2015,42472,3.3,Petrol,17676
BMW,2018,166362,3.5,Hybrid,18181
Honda,2016,192813,5.0,Hybrid,14159
Toyota,2001,23455,3.3,Hybrid,13627
Honda,2003,173631,2.0,Petrol,4118
Ford,2010,47173,3.0,Diesel,14441
Toyota,2020,182094,4.3,Petrol,14695
Toyota,2023,182370,2.9,Hybrid,16281
Honda,2012,24966,3.8,Hybrid,19351
Ford,2019,198956,1.3,Hybrid,11352
BMW,2002,142193,4.0,Diesel,10190
Ford,2009,95580,4.9,Petrol,13621
Honda,2018,136798,4.6,Hybrid,17560
BMW,2023,32882,1.3,Diesel,23455
Toyota,2004,164691,1.3,Diesel,4365
Toyota,2003,190690,1.2,Hybrid,4165
Honda,2007,169930,2.6,Petrol,6903
Hyundai,2012,59619,3.3,Hybrid,16319
Hyundai,2003,65879,3.4,Diesel,9906
BMW,2023,122727,1.1,Diesel,18763
Honda,2020,175752,1.4,Petrol,11912
Toyota,2006,154826,3.3,Diesel,7858
BMW,2011,143689,4.4,Electric,17715
BMW,2017,56345,2.3,Petrol,20482
Honda,2005,192012,2.3,Diesel,4299
Toyota,2021,18578,4.2,Diesel,23071
Hyundai,2003,143917,1.4,Diesel,4004
Ford,2006,56138,3.3,Electric,14993
Ford,2010,178691,4.1,Petrol,9165
Honda,2011,106916,2.3,Electric,14254
Toyota,2016,163537,4.5,Electric,16323
BMW,2012,66109,4.6,Petrol,19794
Ford,2021,161980,1.7,Electric,15601
Honda,2000,130266,2.0,Petrol,4786
Toyota,2003,105931,1.0,Hybrid,8203
Ford,2008,32207,1.9,Petrol,13289
Honda,2003,145414,2.4,Diesel,5729
Toyota,2006,158896,4.6,Hybrid,10655
Honda,2020,82426,2.5,Hybrid,19178
BMW,2022,13551,3.4,Petrol,26222
Honda,2016,34964,4.9,Hybrid,21951
Hyundai,2015,187191,2.0,Diesel,8440
Hyundai,2018,192611,2.5,Diesel,10169
Ford,2006,99724,3.7,Hybrid,12213
Honda,2017,78009,2.5,Diesel,16199
Ford,2014,75374,3.4,Petrol,15631
BMW,2008,8176,4.4,Hybrid,21991
Hyundai,2011,74778,3.1,Diesel,13161
Toyota,2019,160324,4.5,Hybrid,16983
BMW,2021,113109,2.8,Diesel,19944
BMW,2001,171544,4.2,Petrol,8622
Honda,2008,171973,2.5,Hybrid,8701
Honda,2014,100226,2.9,Hybrid,15688
Toyota,2006,156612,1.7,Diesel,6169
Hyundai,2019,34633,1.6,Diesel,17668
Honda,2019,28821,1.5,Petrol,18858
Hyundai,2022,134499,1.9,Hybrid,16175
BMW,2015,143597,4.4,Hybrid,18720
Honda,2004,71383,3.6,Hybrid,12830
Toyota,2007,182053,2.7,Petrol,6597
Hyundai,2008,29520,4.4,Hybrid,16924
BMW,2010,57001,4.4,Petrol,19049
Toyota,2017,175930,3.4,Petrol,12603
Toyota,2008,156127,3.1,Petrol,8793
Hyundai,2004,93041,4.7,Hybrid,12047
Ford,2005,49222,4.7,Electric,16238
Toyota,2012,83942,1.1,Electric,14902
Toyota,2007,37214,4.7,Diesel,15639
Ford,2018,29573,4.6,Petrol,21121
BMW,2005,77194,4.9,Hybrid,17540
Ford,2006,155236,1.5,Petrol,5738
Ford,2019,175923,2.1,Petrol,11803
Honda,2021,34444,1.0,Electric,21577
Honda,2017,146631,3.5,Petrol,13968
BMW,2017,148651,1.8,Hybrid,16867
Toyota,2015,113889,4.8,Hybrid,17605
Hyundai,2008,129069,1.9,Electric,10446
Hyundai,2023,187408,3.1,Petrol,13729
Honda,2019,119465,3.8,Electric,19126
Toyota,2004,133991,4.5,Petrol,9300
Toyota,2005,155383,2.4,Hybrid,8130
Honda,2012,162600,3.6,Petrol,10770
Honda,2004,162143,1.9,Electric,7592
Toyota,2012,111616,5.0,Diesel,14719
Honda,2018,96071,2.7,Diesel,15996
Hyundai,2010,43573,3.7,Hybrid,16521
Honda,2003,76057,1.1,Diesel,7897
Toyota,2015,128887,1.9,Petrol,12455
Hyundai,2014,5929,1.0,Hybrid,17703
BMW,2011,164147,3.8,Electric,16092
Ford,2017,197620,3.9,Diesel,11319
Toyota,2007,186122,3.6,Electric,9793
BMW,2015,23651,3.6,Electric,24917
BMW,2015,51114,1.8,Electric,21744
BMW,2023,194899,4.6,Hybrid,20355
Toyota,2002,101882,4.1,Diesel,9305
Honda,2007,42836,4.3,Electric,17458
Honda,2016,126778,4.7,Hybrid,17161
Honda,2020,124347,4.8,Electric,20382
Hyundai,2015,156417,3.5,Petrol,11679
BMW,2006,16445,1.3,Diesel,15777
Honda,2014,59797,4.2,Petrol,17510
Honda,2023,47606,3.9,Petrol,22319
Toyota,2015,89583,1.3,Diesel,13620
Honda,2016,136640,1.1,Diesel,11368
Toyota,2001,165571,4.3,Diesel,5821
Hyundai,2010,23221,3.6,Hybrid,17438
BMW,2005,71181,4.0,Petrol,15440
Honda,2023,101017,4.1,Diesel,19649
Toyota,2021,135185,1.1,Petrol,14340
Hyundai,2010,24820,4.4,Diesel,16459
BMW,2015,46923,2.5,Diesel,19953
Honda,2004,136088,4.8,Electric,11795
Toyota,2005,197460,2.6,Electric,7227
BMW,2012,20913,1.0,Diesel,18254
BMW,2018,140073,2.9,Petrol,17396
BMW,2014,51239,1.6,Electric,21038
Toyota,2008,178055,3.1,Hybrid,9197
Hyundai,2019,131947,2.3,Diesel,13502
Toyota,2010,196924,2.0,Petrol,6653
Toyota,2022,10643,3.2,Hybrid,24667
Hyundai,2012,55698,1.8,Petrol,13515
Toyota,2013,78322,4.3,Hybrid,17883
BMW,2005,57920,2.0,Electric,16604
Honda,2004,187403,1.9,Diesel,3629
Hyundai,2001,130065,4.4,Electric,9396
Ford,2016,196989,2.0,Electric,11650
Honda,2004,190073,2.4,Diesel,3996
Toyota,2022,148195,4.0,Hybrid,18590
Hyundai,2019,88299,1.6,Petrol,15185
Ford,2009,139326,2.0,Electric,11033
BMW,2009,28671,1.1,Hybrid,18166
Hyundai,2018,107499,3.1,Diesel,15025
Hyundai,2017,32837,4.4,Hybrid,21258
Hyundai,2008,143484,4.5,Petrol,9825
Ford,2019,89627,4.9,Electric,21418
Hyundai,2008,57945,2.0,Diesel,11402
BMW,2017,127239,2.6,Petrol,17238
Toyota,2015,107508,4.1,Diesel,15524
Ford,2012,36264,4.9,Diesel,17886
Ford,2001,132463,3.5,Hybrid,7876
Toyota,2005,158491,1.3,Diesel,5175
Honda,2000,145771,3.2,Petrol,5211
Hyundai,2022,136059,2.5,Hybrid,16697
Toyota,2021,112516,3.0,Hybrid,18874
Toyota,2018,38460,2.2,Diesel,18577
Ford,2023,38119,3.4,Electric,24494
Toyota,2007,63807,3.5,Petrol,13309
Honda,2005,91032,3.3,Diesel,10348
Honda,2021,79320,3.8,Electric,22134
Toyota,2007,68383,1.6,Electric,13680
Hyundai,2005,116074,1.0,Diesel,5996
Honda,2011,149010,4.4,Diesel,11549
Toyota,2021,193855,4.1,Hybrid,15907
BMW,2023,59409,2.6,Petrol,23629
Hyundai,2004,11200,3.7,Petrol,13640
Ford,2002,17260,3.9,Electric,15537
Ford,2010,73554,4.6,Hybrid,16422
Toyota,2000,43597,1.2,Electric,11020
BMW,2009,125831,2.3,Petrol,13008
Ford,2003,126274,1.7,Electric,8386
BMW,2011,190769,2.6,Diesel,10861
BMW,2010,149472,3.7,Diesel,13526
Honda,2003,57636,4.5,Electric,14918
Hyundai,2012,78086,2.8,Petrol,13395
Ford,2005,188310,1.7,Hybrid,5284
Toyota,2017,39817,5.0,Petrol,21009
Toyota,2001,70279,4.0,Diesel,10286
Honda,2001,153570,2.9,Petrol,5021
BMW,2013,171149,1.7,Petrol,12142
Ford,2008,136595,2.7,Hybrid,10370
Honda,2008,166986,3.3,Electric,10750
Ford,2012,115540,2.5,Petrol,11723
BMW,2019,109773,3.8,Electric,22811
Toyota,2007,5341,3.4,Petrol,16132
Toyota,2022,127146,3.3,Hybrid,18942
Toyota,2001,90303,4.2,Petrol,9684
BMW,2018,70411,3.4,Electric,23879
Honda,2022,66060,2.5,Hybrid,20997
Honda,2006,166781,1.4,Electric,7860
Hyundai,2018,128460,2.3,Diesel,13177
Ford,2003,5339,3.3,Electric,16033
Ford,2016,47718,3.1,Petrol,17714
BMW,2013,194704,3.4,Electric,15164
BMW,2019,60761,2.5,Diesel,21261
BMW,2012,178347,2.5,Diesel,11882
BMW,2014,196075,1.8,Hybrid,12996
Ford,2017,161498,2.5,Petrol,11925
Honda,2012,187846,2.8,Petrol,8707
Toyota,2005,29814,5.0,Hybrid,17009
BMW,2015,194584,4.6,Petrol,14870
Ford,2017,86879,4.4,Hybrid,19056
Honda,2016,137865,3.8,Petrol,14206
Ford,2012,66246,4.5,Electric,18687
Toyota,2012,174484,1.9,Hybrid,10175
Ford,2016,121096,3.5,Petrol,14445
Hyundai,2008,152557,1.0,Diesel,5672
Honda,2020,35079,4.4,Electric,24446
Toyota,2006,129854,3.7,Petrol,9707
Honda,2006,74194,2.5,Petrol,11090
Toyota,2001,23444,2.4,Petrol,11227
Hyundai,2012,173103,3.7,Electric,12044
BMW,2022,51602,3.0,Petrol,23919
Honda,2016,83819,1.6,Diesel,14509
Hyundai,2017,147366,3.6,Diesel,13031
BMW,2013,185783,4.0,Petrol,13710
Toyota,2022,66159,1.3,Electric,20992
Hyundai,2017,185532,2.9,Diesel,10423
Toyota,2008,127236,2.1,Petrol,9238
Hyundai,2015,175406,3.5,Hybrid,12229
Toyota,2023,194385,1.7,Electric,15480
Toyota,2023,157459,3.5,Petrol,16627
Toyota,2019,61519,4.3,Electric,22724
Toyota,2019,104481,3.6,Petrol,17375
Hyundai,2010,107616,1.6,Diesel,9519
BMW,2022,81052,4.8,Electric,26747
BMW,2006,19862,4.0,Electric,21006
Ford,2023,50311,3.3,Hybrid,22784
BMW,2022,23221,2.2,Diesel,24338
Hyundai,2022,178119,4.1,Diesel,14494
Honda,2010,100499,4.7,Diesel,13775
Honda,2018,144985,2.7,Diesel,13550
Hyundai,2021,152296,3.0,Petrol,14385
Ford,2009,30619,3.3,Diesel,15069
Ford,2015,186109,1.7,Electric,11394
Honda,2013,39947,4.3,Diesel,17902
Hyundai,2005,51809,3.2,Diesel,11409
Honda,2018,120940,1.6,Hybrid,15353
Ford,2003,108623,4.0,Petrol,9068
BMW,2013,154924,5.0,Hybrid,17753
Hyundai,2009,111632,3.9,Petrol,11318
Toyota,2013,67897,2.0,Petrol,14605
Ford,2009,143765,4.4,Hybrid,12211
Ford,2000,194649,4.7,Electric,6467
Toyota,2010,92492,1.2,Petrol,11075
Ford,2006,93239,2.0,Petrol,9338
Ford,2019,13488,2.3,Hybrid,21625
Toyota,2003,178183,4.0,Petrol,6090
Ford,2022,184999,3.5,Hybrid,15750
Honda,2005,49985,4.5,Diesel,13600
Hyundai,2007,104411,2.9,Hybrid,11179
Toyota,2000,110709,1.2,Electric,7664
Hyundai,2007,109598,3.5,Hybrid,11520
BMW,2004,118302,2.7,Diesel,11084
Honda,2013,136447,1.8,Diesel,10577
Honda,2002,134098,4.1,Petrol,7695
BMW,2014,98278,3.1,Diesel,17486
BMW,2022,105675,2.9,Electric,23616
Honda,2000,36201,4.0,Petrol,11489
Hyundai,2015,84864,3.4,Electric,17656
Honda,2020,141407,3.7,Hybrid,17429
Honda,2011,39699,3.5,Diesel,16115
Toyota,2018,48619,4.9,Diesel,20769
BMW,2020,96058,1.3,Hybrid,20497
Honda,2022,162887,4.7,Diesel,16655
BMW,2002,108918,4.3,Diesel,12154
BMW,2019,144225,1.6,Electric,18888
Hyundai,2018,52248,2.5,Diesel,17187
Ford,2015,31614,3.4,Electric,20819
Hyundai,2005,176155,2.3,Petrol,4492
Toyota,2000,127985,1.2,Electric,6800
BMW,2010,163515,2.7,Diesel,11824
Honda,2015,86147,3.6,Diesel,15892
Ford,2016,136061,1.4,Diesel,11396
BMW,2021,30641,3.3,Petrol,24767
Ford,2005,53245,2.4,Hybrid,12737
Toyota,2012,45500,3.1,Diesel,16125
Hyundai,2005,65667,1.4,Hybrid,10616
Toyota,2009,134996,1.7,Diesel,8750
Hyundai,2005,131212,1.7,Diesel,5939
Hyundai,2016,115847,3.6,Electric,16807
BMW,2007,9934,3.4,Petrol,18903
Hyundai,2006,126284,2.2,Diesel,7185
Honda,2008,137779,3.5,Diesel,9711
Toyota,2015,81912,2.6,Petrol,15504
Toyota,2002,120748,4.2,Hybrid,10162
BMW,2019,194370,4.2,Diesel,16281
Hyundai,2000,23401,3.7,Petrol,11029
Ford,2002,44891,4.3,Petrol,12055
Honda,2021,195343,4.5,Petrol,14532
Toyota,2022,168669,3.7,Hybrid,17266
Toyota,2008,194676,2.6,Electric,8866
BMW,2007,150748,2.9,Electric,13862
Hyundai,2012,101336,1.7,Diesel,10933
Honda,2002,8790,2.5,Hybrid,13860
Ford,2008,96951,1.8,Hybrid,11452
BMW,2005,103731,2.7,Diesel,12313
Ford,2009,23548,3.1,Electric,17922
Toyota,2014,48686,1.4,Electric,17965
Ford,2004,31607,2.8,Hybrid,13719
Honda,2010,19129,3.6,Petrol,16943
BMW,2015,12895,1.9,Electric,23755
Ford,2004,137450,2.9,Hybrid,8527
Hyundai,2022,171978,2.5,Diesel,13201
BMW,2005,155690,1.2,Electric,10915
Toyota,2010,126823,4.8,Electric,15458
Toyota,2005,111548,3.6,Hybrid,11522
Hyundai,2004,5357,3.1,Petrol,13332
Toyota,2011,196959,2.9,Electric,10552
Hyundai,2008,83778,1.1,Electric,11911
Ford,2000,113311,1.6,Petrol,4934
Toyota,2000,150427,4.2,Electric,8678
Ford,2005,47668,2.2,Hybrid,12816
Honda,2002,68735,2.1,Petrol,8963
Honda,2002,125440,1.6,Petrol,5628
Hyundai,2008,99522,2.7,Electric,12723
Toyota,2018,49356,3.6,Petrol,19632
Hyundai,2002,190122,2.2,Electric,4693
Hyundai,2006,198574,4.6,Petrol,6171
Hyundai,2017,49138,4.5,Electric,21543
Hyundai,2023,133341,2.1,Petrol,15432
Hyundai,2020,112691,2.1,Hybrid,16465
Ford,2004,84317,3.2,Petrol,9984
Honda,2011,109143,4.6,Hybrid,15442
Toyota,2005,152100,1.3,Diesel,5495
BMW,2012,137021,2.9,Electric,17048
Hyundai,2011,101156,4.0,Hybrid,14442
Ford,2011,129543,1.4,Electric,11922
Hyundai,2007,75776,2.2,Electric,12911
Hyundai,2013,120648,2.0,Diesel,10767
Hyundai,2023,107915,3.2,Electric,20304
BMW,2000,91701,2.2,Electric,12614
Toyota,2016,5650,1.7,Hybrid,20417
Honda,2012,89847,2.2,Petrol,13007
Toyota,2008,89516,3.3,Electric,14824
Toyota,2010,166777,3.2,Petrol,9361
Ford,2020,105063,4.0,Diesel,17546
Honda,2009,90766,2.9,Hybrid,13661
Honda,2018,30497,1.6,Petrol,18375
BMW,2007,84535,3.3,Hybrid,16573
BMW,2009,171333,3.7,Hybrid,13633
Hyundai,2013,123718,1.5,Electric,12814
BMW,2017,123712,3.8,Hybrid,20114
Toyota,2018,182379,1.0,Electric,12881
Toyota,2004,139856,2.6,Hybrid,8607
Toyota,2017,20107,2.3,Petrol,19294
BMW,2010,198984,2.9,Diesel,10250
Hyundai,2020,50180,2.8,Diesel,18591
Toyota,2008,7934,2.3,Electric,17903
Honda,2014,49014,2.9,Diesel,16549
Toyota,2014,184325,2.3,Electric,12083
Hyundai,2014,11917,3.7,Petrol,18604
Ford,2020,141267,4.7,Hybrid,18136
Ford,2011,114008,4.1,Petrol,12899
Ford,2019,52798,3.4,Electric,21760
Ford,2006,87621,1.8,Petrol,9418
Ford,2010,31687,2.8,Petrol,15215
Hyundai,2014,132684,3.1,Petrol,11965
BMW,2009,39532,1.2,Petrol,16223
Hyundai,2012,17372,4.4,Electric,20531
Toyota,2011,184909,2.4,Electric,10654
Ford,2015,197462,2.6,Diesel,9026
Ford,2020,108755,1.8,Hybrid,16862
BMW,2023,126923,2.0,Diesel,19453
BMW,2000,86057,2.5,Hybrid,12197
Ford,2013,188158,3.5,Petrol,9592
Ford,2019,103052,5.0,Petrol,18347
Ford,2021,32989,1.5,Diesel,19150
Ford,2019,162311,2.8,Electric,15684
Ford,2021,160467,3.6,Hybrid,16576
Honda,2017,159406,2.7,Hybrid,14029
Toyota,2016,88877,3.3,Electric,18856
BMW,2003,47628,1.2,Diesel,12618
Ford,2021,95964,1.7,Hybrid,17901
BMW,2014,104593,4.9,Hybrid,20670
Hyundai,2009,103609,2.3,Diesel,9919
Hyundai,2011,178756,3.3,Petrol,8362
BMW,2012,163435,4.0,Electric,16828
Toyota,2008,100457,2.0,Electric,12977
Toyota,2023,156413,3.5,Petrol,16679
Honda,2012,151569,3.5,Electric,13721
BMW,2020,37755,3.0,Diesel,23412
BMW,2006,149750,1.6,Electric,12112
Toyota,2003,85372,2.3,Hybrid,10531
Honda,2015,11671,3.3,Petrol,19516
Toyota,2000,199377,3.8,Electric,5831
BMW,2005,128250,2.3,Electric,13387
BMW,2010,139521,4.8,Hybrid,16823
Honda,2011,6970,2.0,Electric,18951
BMW,2023,105295,1.9,Diesel,20435
Toyota,2003,114107,4.0,Diesel,9094
Hyundai,2001,153607,2.0,Petrol,3319
Toyota,2023,29755,2.6,Diesel,21912
Honda,2008,174807,1.0,Electric,8059
Ford,2012,186524,3.1,Diesel,8573
Hyundai,2007,14707,3.5,Hybrid,16264
BMW,2008,100205,2.6,Hybrid,15589
BMW,2008,35549,1.4,Hybrid,17622
BMW,2008,99624,1.4,Hybrid,14418
Hyundai,2013,170825,3.9,Hybrid,11858
BMW,2007,74916,2.9,Petrol,15154
Ford,2006,54969,5.0,Electric,16751
BMW,2010,159178,4.7,Hybrid,15741
Hyundai,2001,132135,4.6,Hybrid,8493
Ford,2011,186891,2.5,Petrol,7655
Ford,2015,107115,3.9,Electric,17544
Honda,2002,177773,3.9,Petrol,5311
Toyota,2006,55093,1.8,Diesel,11345
Honda,2022,132688,4.0,Hybrid,19165
Honda,2010,72703,2.9,Electric,16064
Ford,2002,125426,4.1,Electric,10328
Ford,2007,16552,4.7,Diesel,16172
Ford,2012,52659,2.0,Diesel,14167
Honda,2014,195173,3.2,Electric,12241
Ford,2018,97287,3.4,Diesel,16335
Ford,2013,179251,1.7,Petrol,8237
Ford,2006,137390,2.8,Petrol,7930
Toyota,2019,194233,2.3,Petrol,11588
Ford,2010,131346,4.7,Electric,14632
BMW,2010,38924,1.8,Electric,19853
Toyota,2018,47773,3.8,Electric,22411
Toyota,2018,48147,4.5,Petrol,20592
Honda,2010,140609,1.6,Petrol,8869
Honda,2007,60180,2.1,Petrol,11891
Ford,2014,134233,3.0,Diesel,12088
Hyundai,2005,196161,2.7,Diesel,3691
Toyota,2022,196075,3.2,Petrol,13896
Hyundai,2007,74165,1.0,Diesel,9091
BMW,2013,5048,3.9,Petrol,22647
BMW,2004,80778,4.1,Petrol,14561
Hyundai,2011,187318,4.7,Diesel,9134
Ford,2001,71020,1.7,Petrol,7649
Toyota,2014,199772,4.6,Hybrid,12611
Ford,2015,196973,1.0,Diesel,7451
Honda,2007,25083,3.7,Petrol,15245
BMW,2008,75066,5.0,Electric,20246
BMW,2010,169799,4.0,Hybrid,14510
Ford,2009,65831,4.3,Hybrid,16008
Toyota,2015,198606,2.0,Diesel,8869
Honda,2013,38282,4.4,Petrol,18285
Honda,2013,71132,3.9,Diesel,15943
Ford,2013,78378,1.8,Electric,15881
Toyota,2008,71025,1.5,Diesel,11248
Honda,2005,88377,4.4,Diesel,11581
Ford,2005,20254,4.4,Electric,17387
Ford,2017,160916,4.2,Hybrid,15154
Hyundai,2023,10161,2.5,Hybrid,23491
Ford,2016,193698,2.4,Hybrid,11215
BMW,2005,110734,3.4,Diesel,12663
Hyundai,2003,134215,4.0,Diesel,7089
Ford,2021,64893,3.2,Diesel,19255
BMW,2022,42975,3.9,Diesel,25051
Toyota,2001,17414,3.0,Hybrid,13629
Hyundai,2004,19598,4.7,Hybrid,15720
Toyota,2001,53284,1.2,Electric,11035
BMW,2009,99717,4.7,Petrol,16714
BMW,2001,172983,1.3,Hybrid,7150
Honda,2011,140910,4.5,Diesel,12054
Toyota,2004,75401,1.1,Electric,11329
Hyundai,2018,119115,4.7,Petrol,16244
Honda,2012,177262,1.2,Electric,10136
Hyundai,2000,60543,1.8,Petrol,7272
BMW,2019,25453,3.5,Hybrid,25727
Ford,2010,78861,2.2,Hybrid,13756
Honda,2004,38821,2.0,Electric,13858
BMW,2022,193909,2.2,Electric,18504
Honda,2021,46275,3.3,Diesel,20586
Honda,2011,154866,3.7,Petrol,10756
Ford,2006,105040,1.7,Hybrid,9948
Honda,2005,84132,4.6,Diesel,11993
Toyota,2014,115361,4.8,Diesel,15331
BMW,2000,14046,3.2,Electric,17497
Toyota,2020,11534,1.5,Electric,22923
BMW,2004,130904,2.1,Diesel,9854
Honda,2012,182665,3.1,Diesel,9066
Ford,2011,101589,2.4,Electric,14320
BMW,2015,173215,2.1,Petrol,13439
Ford,2009,99301,1.9,Hybrid,11934
Honda,2003,153443,3.0,Diesel,5927
Honda,2012,148238,3.9,Hybrid,13288
Ford,2010,11354,2.6,Electric,18532
Ford,2002,34555,3.3,Hybrid,13072
Toyota,2010,45760,2.2,Hybrid,15912
Honda,2023,167560,4.1,Electric,19022
BMW,2017,32510,3.7,Hybrid,24574
Hyundai,2005,197804,2.3,Diesel,3209
Honda,2010,116472,3.0,Electric,13976
BMW,2022,96084,1.6,Electric,22795
BMW,2023,142123,2.8,Electric,22193
Ford,2002,104941,2.0,Petrol,6752
BMW,2007,150814,3.7,Electric,14659
Toyota,2019,69869,2.2,Petrol,17706
Toyota,2019,84079,1.9,Petrol,16696
Ford,2009,160956,1.1,Hybrid,8052
Ford,2017,163403,1.2,Petrol,10529
Toyota,2001,165177,3.1,Diesel,4641
Honda,2022,146227,5.0,Diesel,17788
Hyundai,2000,107253,2.7,Diesel,5637
Toyota,2022,175530,1.2,Electric,15423
Ford,2015,174534,2.5,Electric,12773
Honda,2006,193438,1.6,Petrol,4228
Ford,2004,169958,2.7,Diesel,5002
Toyota,2022,199124,1.2,Diesel,11543
Honda,2014,121886,2.6,Petrol,12805
Toyota,2023,188967,4.4,Petrol,15951
BMW,2017,33832,3.3,Diesel,22408
Ford,2014,39904,4.1,Diesel,17904
BMW,2009,172238,4.5,Diesel,12688
Honda,2005,112602,4.7,Diesel,10669
Ford,2004,174090,1.5,Electric,6295
Ford,2010,171125,3.4,Petrol,8843
Honda,2001,38222,4.4,Electric,14788
Hyundai,2001,171786,3.8,Electric,6710
Honda,2012,120007,4.3,Diesel,13399
Hyundai,2000,159300,2.1,Diesel,2435
Toyota,2022,196997,3.0,Electric,16150
Ford,2011,122840,1.2,Electric,12058
Hyundai,2023,112480,3.0,Diesel,17176
BMW,2006,104695,2.2,Electric,14965
BMW,2010,175615,3.7,Hybrid,13919
Hyundai,2019,112036,4.8,Electric,19698
Toyota,2004,50833,2.5,Petrol,11458
BMW,2000,68611,4.2,Hybrid,14769
Toyota,2015,98799,3.1,Petrol,15160
Ford,2005,64397,2.3,Petrol,10580
Honda,2003,62747,2.8,Petrol,10462
BMW,2009,34770,4.7,Hybrid,21461
BMW,2022,20425,3.2,Electric,28178
Hyundai,2023,99492,3.3,Diesel,18125
Toyota,2000,148369,4.4,Diesel,6281
Toyota,2007,153679,3.5,Diesel,8616
BMW,2019,183973,3.8,Hybrid,18101
Honda,2004,23565,2.3,Electric,14921
Hyundai,2001,103277,2.2,Petrol,6036
Honda,2001,151732,3.5,Electric,8213
Toyota,2015,16333,3.6,Hybrid,21283
BMW,2022,79269,1.8,Electric,23836
Toyota,2019,80120,2.2,Petrol,17194
Ford,2014,115912,3.4,Electric,16104
Ford,2018,168321,2.5,Hybrid,13583
Hyundai,2021,175585,4.6,Petrol,14820
Ford,2006,80100,1.7,Diesel,9495
Hyundai,2023,81809,2.6,Electric,21009
Honda,2019,10455,2.8,Hybrid,22577
Toyota,2002,122025,3.9,Petrol,8298
Ford,2001,37207,3.7,Diesel,11139
Toyota,2010,198468,1.6,Diesel,5976
Ford,2017,31427,1.1,Electric,19528
Honda,2007,30337,1.4,Electric,15183
BMW,2011,18418,3.0,Electric,22579
BMW,2004,139991,1.5,Electric,11500
Hyundai,2001,150154,1.4,Diesel,2692
BMW,2006,46912,2.2,Hybrid,16854
Hyundai,2009,108710,4.4,Diesel,11764
Ford,2004,122931,3.3,Petrol,8153
Toyota,2018,10801,2.2,Electric,22659
Ford,2003,8853,2.0,Diesel,11857
Ford,2014,64196,4.6,Diesel,17190
Honda,2019,85615,3.9,Electric,20919
Hyundai,2004,63033,1.9,Petrol,9248
Ford,2013,106304,2.3,Hybrid,13984
BMW,2021,188880,1.7,Petrol,15256
Toyota,2007,162743,2.5,Hybrid,8862
BMW,2006,26241,4.7,Electric,21387
Toyota,2004,176871,1.1,Petrol,3756
Hyundai,2022,79918,1.2,Hybrid,18204
Honda,2005,70171,3.2,Petrol,11491
BMW,2004,76895,4.9,Diesel,15355
Honda,2011,70239,1.6,Petrol,12888
Hyundai,2011,101319,4.4,Electric,15834
BMW,2002,134227,3.4,Electric,12688
Ford,2001,166746,2.3,Hybrid,4962
Honda,2019,119647,1.0,Electric,16317
Hyundai,2015,25458,4.5,Hybrid,20727
Honda,2012,119499,2.7,Diesel,11825
BMW,2015,174965,2.1,Petrol,13351
Toyota,2018,179266,1.3,Petrol,10836
Toyota,2009,143734,4.4,Electric,13713
Ford,2013,37808,4.8,Diesel,18209
Toyota,2008,96641,3.6,Petrol,12267
Toyota,2017,25044,4.4,Electric,23647
Ford,2007,97401,3.1,Hybrid,12229
Honda,2009,69617,3.4,Diesel,13519
Toyota,2015,71262,3.4,Diesel,16636
Honda,2010,54922,1.2,Petrol,12753
Ford,2005,175666,4.5,Petrol,7216
BMW,2003,111462,4.4,Electric,15326
Ford,2016,9804,3.8,Electric,22809
Ford,2006,45558,1.6,Hybrid,12822
Toyota,2022,124145,1.2,Diesel,15292
Toyota,2000,96313,2.8,Diesel,7284
Honda,2019,127315,1.5,Diesel,13734
Ford,2018,5080,1.3,Electric,21546
Toyota,2021,34189,3.5,Diesel,21590
Ford,2014,61497,4.2,Diesel,16925
BMW,2015,8481,2.7,Petrol,22275
Honda,2014,71718,4.5,Petrol,17214
Toyota,2010,83175,4.6,Petrol,14941
Toyota,2023,10028,2.3,Diesel,22598
Honda,2003,73494,2.1,Electric,11725
Ford,2017,88622,1.0,Hybrid,15568
Honda,2014,66096,2.9,Electric,18395
Hyundai,2017,19294,4.2,Petrol,20235
Ford,2002,102082,3.8,Hybrid,10195
Toyota,2009,44233,1.8,Hybrid,15088
Honda,2010,193810,4.5,Hybrid,10609
Toyota,2003,134823,3.5,Hybrid,9258
Hyundai,2019,135329,2.7,Hybrid,15433
Honda,2000,146592,3.0,Electric,7470
BMW,2021,175416,2.4,Petrol,16629
Hyundai,2014,57844,3.6,Petrol,16207
Ford,2009,178568,1.6,Diesel,5971
Ford,2021,74698,2.5,Petrol,18265
BMW,2000,94094,3.3,Diesel,10895
BMW,2017,112750,1.6,Hybrid,18462
Hyundai,2002,129255,2.2,Diesel,5037
BMW,2003,5964,4.7,Petrol,18401
BMW,2014,15112,2.2,Electric,23444
BMW,2012,90737,4.1,Petrol,18063
Honda,2016,36054,1.2,Diesel,16497
BMW,2020,80236,1.4,Hybrid,21388
Hyundai,2006,190455,4.4,Hybrid,7877
Hyundai,2010,161097,4.0,Hybrid,10945
Honda,2008,91430,4.5,Hybrid,14728
Honda,2022,17984,1.6,Diesel,20800
Toyota,2002,116859,4.8,Electric,11957
BMW,2016,92413,1.4,Petrol,17279
Ford,2015,6879,3.2,Petrol,19356
Toyota,2000,15991,4.8,Hybrid,15000
Ford,2021,167775,1.3,Electric,14911
Hyundai,2017,95282,1.3,Diesel,13335
Honda,2018,166345,1.5,Petrol,11482
Toyota,2010,11023,1.9,Petrol,15848
Toyota,2017,37895,2.3,Petrol,18405
Hyundai,2007,11117,2.6,Diesel,13844
Honda,2017,120750,3.2,Diesel,14762
Toyota,2006,125984,1.1,Petrol,7300
Honda,2023,176920,1.1,Petrol,13054
Hyundai,2010,170114,2.3,Electric,9794
Toyota,2019,61702,4.7,Petrol,20614
Toyota,2011,38524,4.2,Petrol,17273
Hyundai,2014,190474,1.6,Diesel,7376
Hyundai,2006,28913,1.0,Petrol,11054
Ford,2004,113792,1.2,Electric,9010
Toyota,2016,50412,1.4,Hybrid,17879
BMW,2004,179301,1.8,Hybrid,8834
BMW,2012,174213,2.8,Petrol,12589
Toyota,2020,73144,3.3,Diesel,18942
Ford,2004,180640,4.8,Petrol,6768
Hyundai,2016,33098,4.1,Hybrid,20445
Honda,2023,157355,3.9,Electric,19332
BMW,2005,7345,2.7,Petrol,17332
Hyundai,2009,8941,2.7,Hybrid,16752
Ford,2007,35031,4.2,Electric,17448
Hyundai,2015,198195,4.2,Diesel,10090
Toyota,2021,101885,2.7,Electric,20105
Honda,2005,20682,3.6,Electric,16865
Honda,2017,105187,3.8,Diesel,16140
Honda,2015,77421,4.5,Hybrid,18928
BMW,2007,42881,3.2,Petrol,17055
Toyota,2018,95620,2.2,Hybrid,17419
BMW,2022,77977,4.1,Hybrid,25201
Ford,2022,178105,2.0,Diesel,12894
Ford,2017,198323,3.0,Hybrid,12083
Toyota,2003,75924,1.1,Petrol,8303
Hyundai,2004,189051,4.8,Hybrid,7347
Toyota,2022,168024,3.2,Electric,17798
Toyota,2021,23559,4.9,Hybrid,25222
BMW,2005,34792,3.5,Electric,19260
Toyota,2013,164899,2.4,Diesel,9955
Toyota,2018,95532,4.8,Diesel,18323
Honda,2004,189647,2.6,Diesel,4217
Honda,2012,41491,3.5,Diesel,16525
BMW,2011,90203,2.3,Hybrid,17289
Honda,2007,19742,2.3,Petrol,14112
BMW,2015,90550,1.3,Hybrid,18272
Honda,2016,23903,1.9,Diesel,17804
Honda,2011,178899,2.7,Hybrid,10055
BMW,2000,133411,1.9,Hybrid,9229
Hyundai,2007,79731,3.2,Petrol,11213
Honda,2013,188259,4.9,Electric,13787
Toyota,2011,66080,3.2,Electric,17396
Ford,2022,7885,3.1,Diesel,22505
Hyundai,2013,36110,4.4,Diesel,17394
Ford,2020,61279,2.9,Petrol,18836
Hyundai,2013,82519,1.4,Diesel,12074
Honda,2010,165361,2.4,Electric,10931
Ford,2021,176119,3.1,Hybrid,15294
Hyundai,2002,83155,1.7,Petrol,7042
Hyundai,2014,181658,4.7,Petrol,11117
Ford,2016,42484,1.1,Electric,18475
BMW,2018,183705,3.6,Diesel,15714
Honda,2017,150755,3.2,Electric,15962
Hyundai,2000,137032,2.8,Diesel,4248
Toyota,2022,18833,3.6,Hybrid,24658
Honda,2022,129672,2.3,Petrol,16116
Ford,2014,95812,4.3,Electric,18009
Toyota,2014,111353,4.8,Diesel,15532
BMW,2004,169525,3.9,Diesel,9723
Hyundai,2013,71065,4.0,Diesel,15246
Toyota,2000,180156,1.0,Petrol,1492
Hyundai,2016,177030,1.2,Electric,11348
BMW,2009,106680,3.1,Electric,17266
Hyundai,2017,104622,1.5,Electric,15768
Honda,2001,136299,4.5,Petrol,7485
Toyota,2022,158414,2.0,Electric,17079
Honda,2002,127124,1.6,Petrol,5543
Ford,2010,71670,4.0,Electric,16916
Ford,2003,87318,1.4,Hybrid,9034
Honda,2002,36693,2.1,Electric,13065
Hyundai,2010,111224,3.8,Petrol,11738
BMW,2013,26579,4.9,Petrol,22571
Hyundai,2011,92415,2.8,Electric,14679
Ford,2006,10749,2.2,Diesel,13462
BMW,2017,190130,3.7,Diesel,14993
Toyota,2017,102365,2.9,Electric,18281
Ford,2011,115071,3.3,Hybrid,13546
BMW,2007,115080,2.7,Hybrid,14446
BMW,2010,198810,4.9,Petrol,12459
Toyota,2011,157474,4.1,Diesel,11026
Ford,2017,82146,1.8,Hybrid,16692
Honda,2019,39692,3.8,Petrol,20615
Hyundai,2016,121597,3.3,Electric,16220
Hyundai,2009,177837,2.3,Electric,8908
Hyundai,2012,39238,4.4,Electric,19438
Ford,2022,125363,2.8,Electric,19031
Honda,2019,153393,4.7,Electric,18330
Ford,2015,148475,4.1,Diesel,12976
BMW,2011,109371,2.2,Electric,17231
Ford,2013,23192,1.7,Petrol,16040
Hyundai,2018,170298,4.2,Hybrid,14685
Honda,2012,36475,3.1,Petrol,16576
Toyota,2022,9164,4.6,Hybrid,26141
Hyundai,2017,88913,5.0,Petrol,17554
Toyota,2009,57177,1.3,Petrol,12441
Toyota,2007,136986,4.8,Petrol,10950
Honda,2020,25483,2.3,Electric,22825
Hyundai,2005,150172,4.3,Diesel,7591
Honda,2015,149467,4.3,Electric,16126
Honda,2009,131653,4.9,Hybrid,13617
Toyota,2018,177900,2.8,Hybrid,13905
Ford,2008,31986,2.3,Electric,16200
Toyota,2005,187937,4.7,Electric,9803
Ford,2011,157136,1.4,Petrol,8043
Toyota,2005,100043,4.5,Petrol,11497
Honda,2020,22281,4.4,Hybrid,24085
Ford,2018,78116,1.6,Electric,18194
Ford,2016,35609,4.9,Diesel,19919
BMW,2020,62979,3.0,Electric,24851
Toyota,2019,19550,4.9,Hybrid,24422
BMW,2020,121008,4.9,Hybrid,22849
Honda,2001,189613,3.8,Electric,6619
Hyundai,2001,179383,3.4,Electric,5930
Honda,2017,168684,1.2,Diesel,10365
Honda,2014,164150,1.5,Hybrid,11092
Honda,2012,161133,1.5,Diesel,8543
Honda,2012,106110,1.1,Electric,13594
Hyundai,2022,24003,2.4,Hybrid,22199
Honda,2009,118858,3.2,Hybrid,12557
Honda,2004,161950,4.2,Hybrid,8902
Hyundai,2019,30850,2.5,Electric,21457
Toyota,2020,144124,2.9,Diesel,14993
Hyundai,2011,112113,3.1,Electric,13994
BMW,2010,102901,4.9,Petrol,17254
Ford,2014,151915,4.4,Petrol,12804
Honda,2023,176069,4.7,Electric,19196
BMW,2018,74540,3.2,Diesel,20773
Hyundai,2005,197040,2.2,Hybrid,4848
Ford,2004,137510,4.5,Diesel,8424
Toyota,2018,169652,4.2,Hybrid,15717
BMW,2005,159933,2.8,Petrol,9803
Ford,2021,80816,3.4,Hybrid,20359
Hyundai,2018,185635,4.5,Electric,15218
Hyundai,2016,130528,3.0,Petrol,12973
BMW,2017,91385,4.1,Diesel,20330
BMW,2013,14844,2.6,Petrol,20857
Hyundai,2010,48943,4.1,Hybrid,16652
BMW,2023,36984,1.9,Hybrid,25550
Ford,2006,20069,2.4,Hybrid,14896
BMW,2020,143141,1.4,Hybrid,18242
Toyota,2004,139068,1.7,Diesel,6046
Hyundai,2018,111928,2.4,Hybrid,15803
Hyundai,2001,18524,1.6,Electric,12173
Toyota,2013,194851,1.3,Hybrid,9057
Hyundai,2012,141376,3.8,Petrol,11231
Ford,2002,104761,1.5,Diesel,6061
Ford,2004,44412,4.9,Petrol,13679
Honda,2002,126341,1.5,Electric,7982
Honda,2005,75016,2.4,Petrol,10449
BMW,2002,33680,2.8,Hybrid,16116
Ford,2017,92494,3.1,Hybrid,17475
Ford,2013,123055,4.0,Electric,15847
Honda,2023,6518,1.8,Petrol,22274
Toyota,2004,112822,1.6,Petrol,7458
Hyundai,2009,101656,1.9,Petrol,9817
Ford,2000,183138,4.8,Electric,7143
Toyota,2009,7352,2.8,Electric,18932
Honda,2009,70556,2.9,Diesel,12972
BMW,2018,121222,3.5,Hybrid,20438
BMW,2004,134603,3.5,Electric,13769
Ford,2012,182476,1.8,Diesel,7476
BMW,2021,110708,3.1,Diesel,20364
Toyota,2022,60446,4.2,Electric,24177
Toyota,2019,18114,2.2,Electric,22794
BMW,2006,170339,3.5,Petrol,10483
Honda,2003,167898,2.5,Diesel,4705
Hyundai,2000,93362,1.3,Diesel,4931
Hyundai,2021,15790,3.8,Hybrid,23510
Hyundai,2001,130360,2.8,Diesel,5082
Toyota,2006,161753,1.6,Diesel,5812
Ford,2007,195330,4.9,Hybrid,9133
BMW,2008,7867,1.4,Electric,20006
Ford,2020,21806,1.7,Electric,22109
Ford,2011,141067,2.1,Petrol,9546
BMW,2008,39594,1.7,Petrol,16220
Toyota,2009,78304,3.0,Petrol,13084
Honda,2022,137934,3.3,Diesel,16503
Ford,2012,187411,4.2,Diesel,9629
Ford,2022,118876,1.1,Electric,17656
Ford,2005,165146,1.7,Hybrid,6442
Honda,2003,172206,1.8,Diesel,3789
Toyota,2020,179408,3.5,Diesel,13829
Toyota,2020,48347,2.8,Hybrid,21382
Ford,2007,58588,3.2,Petrol,12770
Honda,2013,12815,3.7,Hybrid,20359
Toyota,2008,114554,2.7,Hybrid,11972
BMW,2021,10363,4.7,Hybrid,28681
Ford,2017,179313,3.1,Electric,14134
Toyota,2009,141425,4.6,Electric,14028
Honda,2001,92739,1.2,Petrol,6363
Honda,2014,141633,2.1,Petrol,11318
Honda,2019,62844,1.8,Diesel,17257
Honda,2006,152627,3.4,Hybrid,9568
Honda,2010,47204,3.0,Diesel,14739
Toyota,2006,117977,4.6,Hybrid,12701
BMW,2012,109416,3.8,Petrol,16829
Toyota,2008,79860,2.0,Electric,14007
BMW,2023,120227,1.9,Electric,22388
Ford,2023,170039,2.7,Hybrid,16198
Ford,2011,133846,2.3,Electric,12607
Hyundai,2005,132882,2.7,Hybrid,8555
